index,reconstruction_prob,anomaly_score
0,-0.10291095077991486,0.10291095077991486
1,-0.059934914112091064,0.059934914112091064
2,-0.06470595300197601,0.06470595300197601
3,-0.034293051809072495,0.034293051809072495
4,-0.080478735268116,0.080478735268116
5,-0.055010296404361725,0.055010296404361725
6,0.3120582103729248,-0.3120582103729248
7,0.39373689889907837,-0.39373689889907837
8,-0.42511647939682007,0.42511647939682007
9,-0.8215532302856445,0.8215532302856445
10,-1.4108390808105469,1.4108390808105469
11,-1.4547741413116455,1.4547741413116455
12,-1.2841262817382812,1.2841262817382812
13,-0.8614405393600464,0.8614405393600464
14,0.2960599362850189,-0.2960599362850189
15,0.06558100134134293,-0.06558100134134293
16,0.05387164279818535,-0.05387164279818535
17,-0.0220030490309,0.0220030490309
18,-0.08877719938755035,0.08877719938755035
19,-0.059110723435878754,0.059110723435878754
20,-0.04500143975019455,0.04500143975019455
21,0.010133488103747368,-0.010133488103747368
22,0.37984180450439453,-0.37984180450439453
23,0.348568856716156,-0.348568856716156
24,-0.014774012379348278,0.014774012379348278
25,0.14325673878192902,-0.14325673878192902
26,0.27579501271247864,-0.27579501271247864
27,0.29949867725372314,-0.29949867725372314
28,-0.020139113068580627,0.020139113068580627
29,-0.08404793590307236,0.08404793590307236
30,0.350487619638443,-0.350487619638443
31,0.058524418622255325,-0.058524418622255325
32,0.31980663537979126,-0.31980663537979126
33,0.30409595370292664,-0.30409595370292664
34,-0.05430672690272331,0.05430672690272331
35,-0.13351407647132874,0.13351407647132874
36,0.20395711064338684,-0.20395711064338684
37,-0.143387109041214,0.143387109041214
38,-0.09190282970666885,0.09190282970666885
39,0.3027989864349365,-0.3027989864349365
40,0.16395291686058044,-0.16395291686058044
41,0.17322419583797455,-0.17322419583797455
42,0.31830671429634094,-0.31830671429634094
43,0.32953983545303345,-0.32953983545303345
44,0.33101028203964233,-0.33101028203964233
45,0.08060657978057861,-0.08060657978057861
46,0.38257861137390137,-0.38257861137390137
47,0.07087267935276031,-0.07087267935276031
48,-0.14757177233695984,0.14757177233695984
49,-0.08933595567941666,0.08933595567941666
50,0.21297450363636017,-0.21297450363636017
51,0.34638744592666626,-0.34638744592666626
52,-0.05690562725067139,0.05690562725067139
53,0.32668381929397583,-0.32668381929397583
54,-0.11475031077861786,0.11475031077861786
55,0.01437369268387556,-0.01437369268387556
56,0.3149434030056,-0.3149434030056
57,0.3820933699607849,-0.3820933699607849
58,0.1253851354122162,-0.1253851354122162
59,-0.12093289196491241,0.12093289196491241
60,-0.14368918538093567,0.14368918538093567
61,-0.14491623640060425,0.14491623640060425
62,-0.2059568613767624,0.2059568613767624
63,-0.038536183536052704,0.038536183536052704
64,-0.16493040323257446,0.16493040323257446
65,-0.157028928399086,0.157028928399086
66,0.17806951701641083,-0.17806951701641083
67,-0.1674509346485138,0.1674509346485138
68,-0.16526761651039124,0.16526761651039124
69,-0.10138048976659775,0.10138048976659775
70,0.1667376458644867,-0.1667376458644867
71,0.20727047324180603,-0.20727047324180603
72,0.2950171232223511,-0.2950171232223511
73,0.20131215453147888,-0.20131215453147888
74,0.22568711638450623,-0.22568711638450623
75,0.30255126953125,-0.30255126953125
76,-0.07013547420501709,0.07013547420501709
77,0.33639177680015564,-0.33639177680015564
78,0.2791307270526886,-0.2791307270526886
79,0.33006829023361206,-0.33006829023361206
80,-0.07401883602142334,0.07401883602142334
81,0.3118329644203186,-0.3118329644203186
82,0.22365763783454895,-0.22365763783454895
83,0.270302414894104,-0.270302414894104
84,-0.14689095318317413,0.14689095318317413
85,-0.14017856121063232,0.14017856121063232
86,0.0871625766158104,-0.0871625766158104
87,-0.09843645989894867,0.09843645989894867
88,-0.16626563668251038,0.16626563668251038
89,-0.07069306820631027,0.07069306820631027
90,0.02774093672633171,-0.02774093672633171
91,-0.38778528571128845,0.38778528571128845
92,-1.0031216144561768,1.0031216144561768
93,-0.4475940763950348,0.4475940763950348
94,-0.13681411743164062,0.13681411743164062
95,-0.07051469385623932,0.07051469385623932
96,0.1087753176689148,-0.1087753176689148
97,0.36306411027908325,-0.36306411027908325
98,0.12756378948688507,-0.12756378948688507
99,-0.20635071396827698,0.20635071396827698
100,-0.15256159007549286,0.15256159007549286
101,-0.18620094656944275,0.18620094656944275
102,-0.1926654428243637,0.1926654428243637
103,-0.19539272785186768,0.19539272785186768
104,-0.14072558283805847,0.14072558283805847
105,-0.15941950678825378,0.15941950678825378
106,-0.07454182207584381,0.07454182207584381
107,0.09057318419218063,-0.09057318419218063
108,0.045952245593070984,-0.045952245593070984
109,0.31022244691848755,-0.31022244691848755
110,-0.1352517306804657,0.1352517306804657
111,-0.2296476811170578,0.2296476811170578
112,-0.20627450942993164,0.20627450942993164
113,-0.27119508385658264,0.27119508385658264
114,-0.10752991586923599,0.10752991586923599
115,-0.07530739158391953,0.07530739158391953
116,-0.1222350150346756,0.1222350150346756
117,-0.10418231785297394,0.10418231785297394
118,-0.1211225762963295,0.1211225762963295
119,0.1716734617948532,-0.1716734617948532
120,0.35478734970092773,-0.35478734970092773
121,0.13810639083385468,-0.13810639083385468
122,-0.05262989550828934,0.05262989550828934
123,-0.11516670882701874,0.11516670882701874
124,-0.284605473279953,0.284605473279953
125,-0.8938192129135132,0.8938192129135132
126,-0.5496538877487183,0.5496538877487183
127,0.34368860721588135,-0.34368860721588135
128,-0.3027668297290802,0.3027668297290802
129,-0.45748743414878845,0.45748743414878845
130,-0.996372401714325,0.996372401714325
131,-0.5337540507316589,0.5337540507316589
132,-0.17843905091285706,0.17843905091285706
133,0.0420062318444252,-0.0420062318444252
134,0.10722383111715317,-0.10722383111715317
135,-0.055386364459991455,0.055386364459991455
136,-0.04490760713815689,0.04490760713815689
137,-0.03017362952232361,0.03017362952232361
138,-0.08963390439748764,0.08963390439748764
139,-0.06647570431232452,0.06647570431232452
140,-0.011075782589614391,0.011075782589614391
141,-0.21694345772266388,0.21694345772266388
142,-0.1049441546201706,0.1049441546201706
143,-0.05743847042322159,0.05743847042322159
144,-0.42739129066467285,0.42739129066467285
145,-0.8474713563919067,0.8474713563919067
146,-0.2506175637245178,0.2506175637245178
147,-0.019206002354621887,0.019206002354621887
148,0.12192461639642715,-0.12192461639642715
149,-0.320968896150589,0.320968896150589
150,-1.1270725727081299,1.1270725727081299
151,-0.31035348773002625,0.31035348773002625
152,0.21407704055309296,-0.21407704055309296
153,-0.20946411788463593,0.20946411788463593
154,0.026644403114914894,-0.026644403114914894
155,-0.44800201058387756,0.44800201058387756
156,-0.45610228180885315,0.45610228180885315
157,-0.47491997480392456,0.47491997480392456
158,-0.1714433878660202,0.1714433878660202
159,-0.2960551381111145,0.2960551381111145
160,-0.12373624742031097,0.12373624742031097
161,0.039696015417575836,-0.039696015417575836
162,-0.24718216061592102,0.24718216061592102
163,-0.1769317239522934,0.1769317239522934
164,-0.24776744842529297,0.24776744842529297
165,-0.4389544427394867,0.4389544427394867
166,-0.40985172986984253,0.40985172986984253
167,-0.13260503113269806,0.13260503113269806
168,-0.027858108282089233,0.027858108282089233
169,-0.13656547665596008,0.13656547665596008
170,0.02917998656630516,-0.02917998656630516
171,-0.11316444724798203,0.11316444724798203
172,0.1893930286169052,-0.1893930286169052
173,-0.3814549446105957,0.3814549446105957
174,-0.448483943939209,0.448483943939209
175,-0.5078240036964417,0.5078240036964417
176,0.040314946323633194,-0.040314946323633194
177,0.1298416554927826,-0.1298416554927826
178,-0.04552692174911499,0.04552692174911499
179,0.2109723538160324,-0.2109723538160324
180,0.137572780251503,-0.137572780251503
181,0.2530507445335388,-0.2530507445335388
182,0.06247972697019577,-0.06247972697019577
183,-0.15993481874465942,0.15993481874465942
184,0.10597910732030869,-0.10597910732030869
185,0.24404771625995636,-0.24404771625995636
186,0.21565671265125275,-0.21565671265125275
187,-0.5892372131347656,0.5892372131347656
188,-1.631899118423462,1.631899118423462
189,-1.4347658157348633,1.4347658157348633
190,-1.1583763360977173,1.1583763360977173
191,-1.0121811628341675,1.0121811628341675
192,-0.6715854406356812,0.6715854406356812
193,-0.00854832399636507,0.00854832399636507
194,-0.08306099474430084,0.08306099474430084
195,-0.042130716145038605,0.042130716145038605
196,0.08396115899085999,-0.08396115899085999
197,0.11560074239969254,-0.11560074239969254
198,-0.021455984562635422,0.021455984562635422
199,0.0495532862842083,-0.0495532862842083
200,0.13683271408081055,-0.13683271408081055
201,-0.5366945266723633,0.5366945266723633
202,-0.3886203169822693,0.3886203169822693
203,-0.4771885871887207,0.4771885871887207
204,-0.6965838670730591,0.6965838670730591
205,0.0656106024980545,-0.0656106024980545
206,0.2370610237121582,-0.2370610237121582
207,0.00025150179862976074,-0.00025150179862976074
208,0.01920318976044655,-0.01920318976044655
209,-0.06512822955846786,0.06512822955846786
210,-0.06394090503454208,0.06394090503454208
211,0.11091694980859756,-0.11091694980859756
212,0.06444994360208511,-0.06444994360208511
213,0.11585982143878937,-0.11585982143878937
214,-0.5020684003829956,0.5020684003829956
215,-0.42221227288246155,0.42221227288246155
216,-0.59614098072052,0.59614098072052
217,-0.5403938889503479,0.5403938889503479
218,0.3309030532836914,-0.3309030532836914
219,0.12967722117900848,-0.12967722117900848
220,0.0034588105045259,-0.0034588105045259
221,0.3631930649280548,-0.3631930649280548
222,-0.3907720148563385,0.3907720148563385
223,-0.5496891736984253,0.5496891736984253
224,-0.5771869421005249,0.5771869421005249
225,-0.3275044560432434,0.3275044560432434
226,-0.1470353901386261,0.1470353901386261
227,0.2777923345565796,-0.2777923345565796
228,-0.0578535795211792,0.0578535795211792
229,-0.3505134582519531,0.3505134582519531
230,-0.2770496606826782,0.2770496606826782
231,-0.2898070216178894,0.2898070216178894
232,-0.27191418409347534,0.27191418409347534
233,-0.1675891876220703,0.1675891876220703
234,-0.28951841592788696,0.28951841592788696
235,-0.26420897245407104,0.26420897245407104
236,-0.2990295886993408,0.2990295886993408
237,-0.3289206922054291,0.3289206922054291
238,-0.18259838223457336,0.18259838223457336
239,-0.06818044185638428,0.06818044185638428
240,-0.13921406865119934,0.13921406865119934
241,-0.1417887657880783,0.1417887657880783
242,-0.320717990398407,0.320717990398407
243,-0.04780934005975723,0.04780934005975723
244,-0.02852831780910492,0.02852831780910492
245,0.43566060066223145,-0.43566060066223145
246,0.36928296089172363,-0.36928296089172363
247,-0.12426972389221191,0.12426972389221191
248,0.2842063903808594,-0.2842063903808594
249,-0.3009817600250244,0.3009817600250244
250,-0.5972058773040771,0.5972058773040771
251,0.30620044469833374,-0.30620044469833374
252,-0.15187588334083557,0.15187588334083557
253,-0.16244669258594513,0.16244669258594513
254,0.054709065705537796,-0.054709065705537796
255,0.3015619218349457,-0.3015619218349457
256,0.3269006609916687,-0.3269006609916687
257,0.3069693148136139,-0.3069693148136139
258,-0.015847966074943542,0.015847966074943542
259,-0.11977845430374146,0.11977845430374146
260,-0.16985931992530823,0.16985931992530823
261,-0.14008931815624237,0.14008931815624237
262,-0.06485229730606079,0.06485229730606079
263,0.03360573202371597,-0.03360573202371597
264,-0.019407663494348526,0.019407663494348526
265,0.24372711777687073,-0.24372711777687073
266,0.2508382201194763,-0.2508382201194763
267,0.36553525924682617,-0.36553525924682617
268,-0.3730338215827942,0.3730338215827942
269,-0.123897984623909,0.123897984623909
270,0.1322317123413086,-0.1322317123413086
271,-0.07430828362703323,0.07430828362703323
272,0.008755946531891823,-0.008755946531891823
273,-0.0320507176220417,0.0320507176220417
274,0.05432458966970444,-0.05432458966970444
275,0.22588081657886505,-0.22588081657886505
276,-0.05626785755157471,0.05626785755157471
277,-0.168283149600029,0.168283149600029
278,-0.49304085969924927,0.49304085969924927
279,0.33166301250457764,-0.33166301250457764
280,-0.2575267255306244,0.2575267255306244
281,-0.0996762365102768,0.0996762365102768
282,-0.1401120126247406,0.1401120126247406
283,-0.12268431484699249,0.12268431484699249
284,-0.07414591312408447,0.07414591312408447
285,-0.07783125340938568,0.07783125340938568
286,-0.1108277291059494,0.1108277291059494
287,-0.14586636424064636,0.14586636424064636
288,-0.07485955953598022,0.07485955953598022
289,0.2188119888305664,-0.2188119888305664
290,0.3362795412540436,-0.3362795412540436
291,0.2708306908607483,-0.2708306908607483
292,0.24229827523231506,-0.24229827523231506
293,-0.06486617028713226,0.06486617028713226
294,-0.007387620396912098,0.007387620396912098
295,-0.07473636418581009,0.07473636418581009
296,-0.08798638731241226,0.08798638731241226
297,-0.0663224458694458,0.0663224458694458
298,-0.14220377802848816,0.14220377802848816
299,-0.061228763312101364,0.061228763312101364
300,0.040693171322345734,-0.040693171322345734
301,0.4538435935974121,-0.4538435935974121
302,0.46143603324890137,-0.46143603324890137
303,0.4406716823577881,-0.4406716823577881
304,0.04167279228568077,-0.04167279228568077
305,0.09102918952703476,-0.09102918952703476
306,0.08163008093833923,-0.08163008093833923
307,-0.5035355091094971,0.5035355091094971
308,-0.2616369128227234,0.2616369128227234
309,0.4115324020385742,-0.4115324020385742
310,-0.21355530619621277,0.21355530619621277
311,0.30133891105651855,-0.30133891105651855
312,0.36952123045921326,-0.36952123045921326
313,-0.34248942136764526,0.34248942136764526
314,-0.473816454410553,0.473816454410553
315,0.32152366638183594,-0.32152366638183594
316,0.34946706891059875,-0.34946706891059875
317,0.12708668410778046,-0.12708668410778046
318,-0.09866727888584137,0.09866727888584137
319,-0.13057199120521545,0.13057199120521545
320,-0.6140320897102356,0.6140320897102356
321,-1.1040394306182861,1.1040394306182861
322,-1.0083897113800049,1.0083897113800049
323,-1.4420323371887207,1.4420323371887207
324,-1.307318925857544,1.307318925857544
325,-0.001307998551055789,0.001307998551055789
326,-0.16754209995269775,0.16754209995269775
327,-0.16316300630569458,0.16316300630569458
328,-0.2596890926361084,0.2596890926361084
329,-0.11100021749734879,0.11100021749734879
330,-0.25405576825141907,0.25405576825141907
331,-0.20473451912403107,0.20473451912403107
332,0.2874775528907776,-0.2874775528907776
333,-0.06850455701351166,0.06850455701351166
334,0.3598494231700897,-0.3598494231700897
335,0.326846718788147,-0.326846718788147
336,-0.2137291133403778,0.2137291133403778
337,-0.21496951580047607,0.21496951580047607
338,-0.15742826461791992,0.15742826461791992
339,-0.20217224955558777,0.20217224955558777
340,-0.1939036250114441,0.1939036250114441
341,-0.1342765837907791,0.1342765837907791
342,-0.1223079189658165,0.1223079189658165
343,-0.0423283614218235,0.0423283614218235
344,-0.31225529313087463,0.31225529313087463
345,-0.11470351368188858,0.11470351368188858
346,-0.11731953918933868,0.11731953918933868
347,-0.21021206676959991,0.21021206676959991
348,-0.19050395488739014,0.19050395488739014
349,-0.22923052310943604,0.22923052310943604
350,-0.24822655320167542,0.24822655320167542
351,-0.2756173312664032,0.2756173312664032
352,0.39916664361953735,-0.39916664361953735
353,0.42854323983192444,-0.42854323983192444
354,-0.12297151237726212,0.12297151237726212
355,0.38670802116394043,-0.38670802116394043
356,-0.2029765546321869,0.2029765546321869
357,-0.18283899128437042,0.18283899128437042
358,-0.3070141673088074,0.3070141673088074
359,-0.2650735080242157,0.2650735080242157
360,-0.29045942425727844,0.29045942425727844
361,-0.1699143648147583,0.1699143648147583
362,-0.15498480200767517,0.15498480200767517
363,-0.1858237087726593,0.1858237087726593
364,-0.0999445915222168,0.0999445915222168
365,-0.17390906810760498,0.17390906810760498
366,-0.16277432441711426,0.16277432441711426
367,-0.04547198861837387,0.04547198861837387
368,0.4199228882789612,-0.4199228882789612
369,-0.10300379991531372,0.10300379991531372
370,0.3597702980041504,-0.3597702980041504
371,-0.10584298521280289,0.10584298521280289
372,-0.1517523229122162,0.1517523229122162
373,0.4686916470527649,-0.4686916470527649
374,0.4696420729160309,-0.4696420729160309
375,0.43062543869018555,-0.43062543869018555
376,0.47191792726516724,-0.47191792726516724
377,-0.09156625717878342,0.09156625717878342
378,-0.06719030439853668,0.06719030439853668
379,-0.08072544634342194,0.08072544634342194
380,-0.06051967665553093,0.06051967665553093
381,-0.06573281437158585,0.06573281437158585
382,-0.12615039944648743,0.12615039944648743
383,-0.1643284261226654,0.1643284261226654
384,-0.16911430656909943,0.16911430656909943
385,-0.5084975361824036,0.5084975361824036
386,0.430442750453949,-0.430442750453949
387,0.03398250788450241,-0.03398250788450241
388,-1.801497459411621,1.801497459411621
389,-0.7219194173812866,0.7219194173812866
390,-0.24202367663383484,0.24202367663383484
391,-0.46289944648742676,0.46289944648742676
392,-0.5202308893203735,0.5202308893203735
393,-0.5194398164749146,0.5194398164749146
394,0.5059216618537903,-0.5059216618537903
395,-0.2786366045475006,0.2786366045475006
396,0.4293401837348938,-0.4293401837348938
397,0.48478469252586365,-0.48478469252586365
398,-0.1623583436012268,0.1623583436012268
399,-0.13572092354297638,0.13572092354297638
400,0.48507365584373474,-0.48507365584373474
401,0.4386774003505707,-0.4386774003505707
402,-0.6413396596908569,0.6413396596908569
403,-1.2827730178833008,1.2827730178833008
404,-0.4744284749031067,0.4744284749031067
405,0.43409156799316406,-0.43409156799316406
406,-0.16889485716819763,0.16889485716819763
407,-0.16831183433532715,0.16831183433532715
408,-0.18636824190616608,0.18636824190616608
409,-0.06214625760912895,0.06214625760912895
410,-0.010397294536232948,0.010397294536232948
411,-0.10255050659179688,0.10255050659179688
412,-0.019456442445516586,0.019456442445516586
413,-0.06404870003461838,0.06404870003461838
414,-0.0449000708758831,0.0449000708758831
415,-0.029082227498292923,0.029082227498292923
416,-0.05297258496284485,0.05297258496284485
417,-0.10585329681634903,0.10585329681634903
418,-0.06194110959768295,0.06194110959768295
419,-0.3568118214607239,0.3568118214607239
420,-0.12684474885463715,0.12684474885463715
421,-0.020561179146170616,0.020561179146170616
422,-0.11257169395685196,0.11257169395685196
423,-0.06090514734387398,0.06090514734387398
424,0.009541300125420094,-0.009541300125420094
425,-0.05206937715411186,0.05206937715411186
426,0.10028469562530518,-0.10028469562530518
427,-0.04574630409479141,0.04574630409479141
428,0.46192651987075806,-0.46192651987075806
429,-0.4668896198272705,0.4668896198272705
430,-0.6798924207687378,0.6798924207687378
431,-1.3883763551712036,1.3883763551712036
432,-1.2893612384796143,1.2893612384796143
433,-1.4308905601501465,1.4308905601501465
434,-1.4711697101593018,1.4711697101593018
435,-0.601187527179718,0.601187527179718
436,0.37028104066848755,-0.37028104066848755
437,0.33362877368927,-0.33362877368927
438,-0.5397718548774719,0.5397718548774719
439,-1.009830117225647,1.009830117225647
440,-0.2817239463329315,0.2817239463329315
441,-0.8540475964546204,0.8540475964546204
442,-0.17205950617790222,0.17205950617790222
443,-0.013646568171679974,0.013646568171679974
444,0.027318183332681656,-0.027318183332681656
445,-0.11755380779504776,0.11755380779504776
446,0.2084537297487259,-0.2084537297487259
447,0.22064109146595,-0.22064109146595
448,0.22493402659893036,-0.22493402659893036
449,-0.1798156201839447,0.1798156201839447
450,0.22289380431175232,-0.22289380431175232
451,0.2932691276073456,-0.2932691276073456
452,0.012130905874073505,-0.012130905874073505
453,-0.21494702994823456,0.21494702994823456
454,-0.8174995183944702,0.8174995183944702
455,-0.37954282760620117,0.37954282760620117
456,0.3151428997516632,-0.3151428997516632
457,-0.41649484634399414,0.41649484634399414
458,-0.32573243975639343,0.32573243975639343
459,-0.47446805238723755,0.47446805238723755
460,-0.3626805543899536,0.3626805543899536
461,-0.2531403601169586,0.2531403601169586
462,-0.26133662462234497,0.26133662462234497
463,-0.2580004036426544,0.2580004036426544
464,-0.16338951885700226,0.16338951885700226
465,-1.1709848642349243,1.1709848642349243
466,-0.4362724721431732,0.4362724721431732
467,-0.9121106863021851,0.9121106863021851
468,-0.4280381202697754,0.4280381202697754
469,0.3481622636318207,-0.3481622636318207
470,0.25565260648727417,-0.25565260648727417
471,-0.21995730698108673,0.21995730698108673
472,-0.717126190662384,0.717126190662384
473,-0.33833232522010803,0.33833232522010803
474,-0.09337951987981796,0.09337951987981796
475,-0.18284256756305695,0.18284256756305695
476,-0.23164162039756775,0.23164162039756775
477,-0.2367124855518341,0.2367124855518341
478,-0.3228897452354431,0.3228897452354431
479,-0.3158618211746216,0.3158618211746216
480,-0.25436893105506897,0.25436893105506897
481,-0.32315680384635925,0.32315680384635925
482,0.2606714367866516,-0.2606714367866516
483,0.050891079008579254,-0.050891079008579254
484,-0.12938281893730164,0.12938281893730164
485,-0.7683295011520386,0.7683295011520386
486,-0.589719295501709,0.589719295501709
487,-0.2623904049396515,0.2623904049396515
488,0.19507262110710144,-0.19507262110710144
489,0.23391588032245636,-0.23391588032245636
490,-0.3330683708190918,0.3330683708190918
491,-0.37109115719795227,0.37109115719795227
492,-0.26558709144592285,0.26558709144592285
493,-0.38983964920043945,0.38983964920043945
494,0.19516471028327942,-0.19516471028327942
495,0.33135920763015747,-0.33135920763015747
496,0.0097331702709198,-0.0097331702709198
497,0.32627636194229126,-0.32627636194229126
498,-0.23290805518627167,0.23290805518627167
499,-0.25773686170578003,0.25773686170578003
500,0.3041132092475891,-0.3041132092475891
501,-0.0037070773541927338,0.0037070773541927338
502,0.2087855339050293,-0.2087855339050293
503,-0.12310631573200226,0.12310631573200226
504,-0.06525315344333649,0.06525315344333649
505,0.3560005724430084,-0.3560005724430084
506,-0.21497753262519836,0.21497753262519836
507,-0.33639293909072876,0.33639293909072876
508,0.2915157675743103,-0.2915157675743103
509,0.30626770853996277,-0.30626770853996277
510,-0.25858187675476074,0.25858187675476074
511,0.10112758725881577,-0.10112758725881577
512,0.251172810792923,-0.251172810792923
513,0.037642814218997955,-0.037642814218997955
514,-0.04915057495236397,0.04915057495236397
515,0.2563740611076355,-0.2563740611076355
516,0.0812469944357872,-0.0812469944357872
517,0.2547605633735657,-0.2547605633735657
518,-0.20612625777721405,0.20612625777721405
519,-0.26023921370506287,0.26023921370506287
520,-0.3697388768196106,0.3697388768196106
521,-0.472819983959198,0.472819983959198
522,-0.2657396197319031,0.2657396197319031
523,-0.2953978180885315,0.2953978180885315
524,-0.38689786195755005,0.38689786195755005
525,-0.4045146107673645,0.4045146107673645
526,-0.43732038140296936,0.43732038140296936
527,0.2635185122489929,-0.2635185122489929
528,0.2801106870174408,-0.2801106870174408
529,0.011883211322128773,-0.011883211322128773
530,0.18665996193885803,-0.18665996193885803
531,-0.30852702260017395,0.30852702260017395
532,-0.2592443823814392,0.2592443823814392
533,-0.4022120535373688,0.4022120535373688
534,-0.6238936185836792,0.6238936185836792
535,-0.36656850576400757,0.36656850576400757
536,-0.3060893416404724,0.3060893416404724
537,0.33841055631637573,-0.33841055631637573
538,0.35767167806625366,-0.35767167806625366
539,-0.30505257844924927,0.30505257844924927
540,0.33935457468032837,-0.33935457468032837
541,-0.23568740487098694,0.23568740487098694
542,-0.2796803116798401,0.2796803116798401
543,-0.10832556337118149,0.10832556337118149
544,-0.9694588780403137,0.9694588780403137
545,-0.21349120140075684,0.21349120140075684
546,-0.7500470876693726,0.7500470876693726
547,-0.2594277262687683,0.2594277262687683
548,-0.3175475001335144,0.3175475001335144
549,-0.6221521496772766,0.6221521496772766
550,-0.38305312395095825,0.38305312395095825
551,-0.2880498766899109,0.2880498766899109
552,0.2728677988052368,-0.2728677988052368
553,0.2991562485694885,-0.2991562485694885
554,-0.16424277424812317,0.16424277424812317
555,0.2651318907737732,-0.2651318907737732
556,-0.22427436709403992,0.22427436709403992
557,0.22891266644001007,-0.22891266644001007
558,-0.35938161611557007,0.35938161611557007
559,-0.855728030204773,0.855728030204773
560,-0.4260217547416687,0.4260217547416687
561,-0.12295439094305038,0.12295439094305038
562,-0.34901687502861023,0.34901687502861023
563,0.1556655317544937,-0.1556655317544937
564,0.059481121599674225,-0.059481121599674225
565,-0.022578030824661255,0.022578030824661255
566,-0.3433702886104584,0.3433702886104584
567,-0.25063809752464294,0.25063809752464294
568,-0.27135300636291504,0.27135300636291504
569,-0.514391303062439,0.514391303062439
570,-0.33969563245773315,0.33969563245773315
571,-0.3420872092247009,0.3420872092247009
572,-0.31666165590286255,0.31666165590286255
573,-0.23405270278453827,0.23405270278453827
574,-0.22718724608421326,0.22718724608421326
575,-0.2057664841413498,0.2057664841413498
576,-0.22861269116401672,0.22861269116401672
577,-0.4548532962799072,0.4548532962799072
578,-0.533469557762146,0.533469557762146
579,-1.0325226783752441,1.0325226783752441
580,-0.8073329925537109,0.8073329925537109
581,0.12570002675056458,-0.12570002675056458
582,0.40767374634742737,-0.40767374634742737
583,-0.2531134784221649,0.2531134784221649
584,-0.009354270994663239,0.009354270994663239
585,0.33785921335220337,-0.33785921335220337
586,0.053962625563144684,-0.053962625563144684
587,0.360351026058197,-0.360351026058197
588,0.27946385741233826,-0.27946385741233826
589,-0.09135697036981583,0.09135697036981583
590,0.26579126715660095,-0.26579126715660095
591,0.037852928042411804,-0.037852928042411804
592,0.22871652245521545,-0.22871652245521545
593,0.2533508539199829,-0.2533508539199829
594,-0.1663161814212799,0.1663161814212799
595,-33.78351593017578,33.78351593017578
596,-548.4210205078125,548.4210205078125
597,-48.55807876586914,48.55807876586914
598,-80.41215515136719,80.41215515136719
599,-71.89751434326172,71.89751434326172
600,-370.60498046875,370.60498046875
601,-44.55839920043945,44.55839920043945
602,-24.19882583618164,24.19882583618164
603,-24.780771255493164,24.780771255493164
604,-259.2577819824219,259.2577819824219
605,-153.93661499023438,153.93661499023438
606,-145.05596923828125,145.05596923828125
607,-865.6553955078125,865.6553955078125
608,-5550.62060546875,5550.62060546875
609,-12038.4267578125,12038.4267578125
610,-9244.583984375,9244.583984375
611,-9155.814453125,9155.814453125
612,-986.5895385742188,986.5895385742188
613,-111.31278228759766,111.31278228759766
614,-81.46037292480469,81.46037292480469
615,-300.19158935546875,300.19158935546875
616,-221.6797332763672,221.6797332763672
617,-187.6848907470703,187.6848907470703
618,-2236.006591796875,2236.006591796875
619,-1764.1002197265625,1764.1002197265625
620,-3507.44580078125,3507.44580078125
621,-7370.171875,7370.171875
622,-11953.919921875,11953.919921875
623,-9735.228515625,9735.228515625
624,-2824.547119140625,2824.547119140625
625,-1445.584228515625,1445.584228515625
626,-4167.87451171875,4167.87451171875
627,-1447.1531982421875,1447.1531982421875
628,-56.603355407714844,56.603355407714844
629,-1.8192517757415771,1.8192517757415771
630,-1.9704586267471313,1.9704586267471313
631,-2.005492925643921,2.005492925643921
632,-2.2165985107421875,2.2165985107421875
633,-1.7031561136245728,1.7031561136245728
634,-2.1230289936065674,2.1230289936065674
635,-1.7603750228881836,1.7603750228881836
636,-1.8636338710784912,1.8636338710784912
637,-1.8130426406860352,1.8130426406860352
638,-2.1245133876800537,2.1245133876800537
639,-2.1069045066833496,2.1069045066833496
640,-1.8641258478164673,1.8641258478164673
641,-1.6244313716888428,1.6244313716888428
642,-2.1299543380737305,2.1299543380737305
643,-1.7841418981552124,1.7841418981552124
644,-2.0460424423217773,2.0460424423217773
645,-2.1252260208129883,2.1252260208129883
646,-2.103153705596924,2.103153705596924
647,-2.9307382106781006,2.9307382106781006
648,-5.696573257446289,5.696573257446289
649,-449.437744140625,449.437744140625
650,-385.8901672363281,385.8901672363281
651,-1354.2686767578125,1354.2686767578125
652,-150.89755249023438,150.89755249023438
653,-294.44586181640625,294.44586181640625
654,-8229.017578125,8229.017578125
655,-3507.981201171875,3507.981201171875
656,-1248.4947509765625,1248.4947509765625
657,-6406.130859375,6406.130859375
658,-727.5663452148438,727.5663452148438
659,-1882.84375,1882.84375
660,-181.05877685546875,181.05877685546875
661,-509.855712890625,509.855712890625
662,-47.782318115234375,47.782318115234375
663,-412.6322326660156,412.6322326660156
664,-102.76763916015625,102.76763916015625
665,-3.3909077644348145,3.3909077644348145
666,-9.943367958068848,9.943367958068848
667,-10.996651649475098,10.996651649475098
668,-13.639683723449707,13.639683723449707
669,-2.720392942428589,2.720392942428589
670,-2.541487455368042,2.541487455368042
671,-3.483764171600342,3.483764171600342
672,-3.3480446338653564,3.3480446338653564
673,-14.38258171081543,14.38258171081543
674,-74.18963623046875,74.18963623046875
675,-133.94155883789062,133.94155883789062
676,-40.1260986328125,40.1260986328125
677,-13.99183464050293,13.99183464050293
678,-130.32875061035156,130.32875061035156
679,-70.57302856445312,70.57302856445312
680,-71.66700744628906,71.66700744628906
681,-118.24348449707031,118.24348449707031
682,-59.94697952270508,59.94697952270508
683,-15.836259841918945,15.836259841918945
684,-7.170310974121094,7.170310974121094
685,-6.612239837646484,6.612239837646484
686,-1.4547704458236694,1.4547704458236694
687,-1.6492326259613037,1.6492326259613037
688,-0.25003427267074585,0.25003427267074585
689,-0.19085590541362762,0.19085590541362762
690,-0.2239631712436676,0.2239631712436676
691,0.2928333878517151,-0.2928333878517151
692,0.2862936854362488,-0.2862936854362488
693,-0.16591760516166687,0.16591760516166687
694,0.399963915348053,-0.399963915348053
695,-0.09438659250736237,0.09438659250736237
696,-0.1382189691066742,0.1382189691066742
697,-0.1543809473514557,0.1543809473514557
698,-0.08140135556459427,0.08140135556459427
699,-0.10071444511413574,0.10071444511413574
700,-2.225404739379883,2.225404739379883
701,-1.8451435565948486,1.8451435565948486
702,-1.8667211532592773,1.8667211532592773
703,-1.9809377193450928,1.9809377193450928
704,-1.757611632347107,1.757611632347107
705,0.40905889868736267,-0.40905889868736267
706,-0.20344635844230652,0.20344635844230652
707,-0.4096256196498871,0.4096256196498871
708,0.22921720147132874,-0.22921720147132874
709,-0.2806849479675293,0.2806849479675293
710,-0.838154137134552,0.838154137134552
711,-0.32659202814102173,0.32659202814102173
712,-0.15438798069953918,0.15438798069953918
713,0.04867738112807274,-0.04867738112807274
714,-0.25971341133117676,0.25971341133117676
715,-0.08808372169733047,0.08808372169733047
716,-0.4083891808986664,0.4083891808986664
717,-0.05845808982849121,0.05845808982849121
718,-0.8856695294380188,0.8856695294380188
719,-0.36823076009750366,0.36823076009750366
720,0.17056643962860107,-0.17056643962860107
721,-0.43209749460220337,0.43209749460220337
722,-0.3384057581424713,0.3384057581424713
723,0.20110467076301575,-0.20110467076301575
724,-0.18842141330242157,0.18842141330242157
725,0.18210381269454956,-0.18210381269454956
726,-1.0151127576828003,1.0151127576828003
727,-1.6183627843856812,1.6183627843856812
728,-0.8448580503463745,0.8448580503463745
729,-1.4485188722610474,1.4485188722610474
730,-1.32572340965271,1.32572340965271
731,-0.5956332683563232,0.5956332683563232
732,-0.8203085064888,0.8203085064888
733,-0.4689503610134125,0.4689503610134125
734,0.15334701538085938,-0.15334701538085938
735,-0.5458864569664001,0.5458864569664001
736,-0.22899582982063293,0.22899582982063293
737,-0.6554517149925232,0.6554517149925232
738,-0.15270142257213593,0.15270142257213593
739,0.1463927924633026,-0.1463927924633026
740,0.16570153832435608,-0.16570153832435608
741,0.07755719870328903,-0.07755719870328903
742,0.20989935100078583,-0.20989935100078583
743,-0.11369587481021881,0.11369587481021881
744,0.09438194334506989,-0.09438194334506989
745,-0.13669463992118835,0.13669463992118835
746,-0.6081992983818054,0.6081992983818054
747,-0.6930297613143921,0.6930297613143921
748,-0.8112338781356812,0.8112338781356812
749,-0.005776801612228155,0.005776801612228155
750,0.1786889135837555,-0.1786889135837555
751,-0.6573940515518188,0.6573940515518188
752,-0.5177229642868042,0.5177229642868042
753,0.10021074116230011,-0.10021074116230011
754,0.1559366136789322,-0.1559366136789322
755,-0.002303072717040777,0.002303072717040777
756,-0.10912343114614487,0.10912343114614487
757,0.17002113163471222,-0.17002113163471222
758,-0.7713517546653748,0.7713517546653748
759,-0.8873303532600403,0.8873303532600403
760,-0.573605477809906,0.573605477809906
761,0.21935820579528809,-0.21935820579528809
762,0.14337244629859924,-0.14337244629859924
763,0.12417244911193848,-0.12417244911193848
764,0.15307769179344177,-0.15307769179344177
765,0.21846911311149597,-0.21846911311149597
766,-0.44495072960853577,0.44495072960853577
767,-0.374872624874115,0.374872624874115
768,-0.3856493830680847,0.3856493830680847
769,-0.4176121652126312,0.4176121652126312
770,-0.5442601442337036,0.5442601442337036
771,-0.3928302824497223,0.3928302824497223
772,-0.5374706983566284,0.5374706983566284
773,-0.3965742290019989,0.3965742290019989
774,-0.32093316316604614,0.32093316316604614
775,-0.23105855286121368,0.23105855286121368
776,-0.371675968170166,0.371675968170166
777,0.1790648251771927,-0.1790648251771927
778,0.2201450765132904,-0.2201450765132904
779,0.38078516721725464,-0.38078516721725464
780,0.06605888903141022,-0.06605888903141022
781,0.3230336606502533,-0.3230336606502533
782,-0.22362132370471954,0.22362132370471954
783,-0.21143989264965057,0.21143989264965057
784,-0.13867655396461487,0.13867655396461487
785,-0.11509744822978973,0.11509744822978973
786,-0.09383908659219742,0.09383908659219742
787,-0.1114952564239502,0.1114952564239502
788,-0.36350882053375244,0.36350882053375244
789,-0.5374716520309448,0.5374716520309448
790,-0.721734881401062,0.721734881401062
791,-1.1911218166351318,1.1911218166351318
792,-0.8803901672363281,0.8803901672363281
793,0.3777523338794708,-0.3777523338794708
794,-0.17834345996379852,0.17834345996379852
795,-0.14656339585781097,0.14656339585781097
796,-0.23749904334545135,0.23749904334545135
797,-0.2712714672088623,0.2712714672088623
798,0.3045507073402405,-0.3045507073402405
799,0.037498969584703445,-0.037498969584703445
800,0.34544825553894043,-0.34544825553894043
801,0.13275018334388733,-0.13275018334388733
802,0.34056517481803894,-0.34056517481803894
803,-0.17560550570487976,0.17560550570487976
804,-0.20974881947040558,0.20974881947040558
805,0.3370550572872162,-0.3370550572872162
806,-0.08343718200922012,0.08343718200922012
807,0.28543469309806824,-0.28543469309806824
808,0.3222457468509674,-0.3222457468509674
809,-0.27541136741638184,0.27541136741638184
810,-0.2823587954044342,0.2823587954044342
811,-0.06781724840402603,0.06781724840402603
812,-0.08354441076517105,0.08354441076517105
813,-0.10488975048065186,0.10488975048065186
814,-0.13649824261665344,0.13649824261665344
815,-0.19985702633857727,0.19985702633857727
816,0.3585413694381714,-0.3585413694381714
817,0.006905147340148687,-0.006905147340148687
818,0.4088362753391266,-0.4088362753391266
819,-0.027235891669988632,0.027235891669988632
820,0.37787553668022156,-0.37787553668022156
821,0.3232343792915344,-0.3232343792915344
822,-0.2810034155845642,0.2810034155845642
823,0.2470366209745407,-0.2470366209745407
824,-0.8371240496635437,0.8371240496635437
825,-0.8182581663131714,0.8182581663131714
826,0.3664066195487976,-0.3664066195487976
827,0.09134729951620102,-0.09134729951620102
828,0.32208991050720215,-0.32208991050720215
829,-0.3072461485862732,0.3072461485862732
830,-0.19707325100898743,0.19707325100898743
831,-0.1252337545156479,0.1252337545156479
832,-0.12934891879558563,0.12934891879558563
833,-0.12302182614803314,0.12302182614803314
834,-0.09055395424365997,0.09055395424365997
835,-0.0374855175614357,0.0374855175614357
836,-0.12221809476613998,0.12221809476613998
837,-0.3093268871307373,0.3093268871307373
838,-0.3462725877761841,0.3462725877761841
839,-0.13238047063350677,0.13238047063350677
840,-0.2126506268978119,0.2126506268978119
841,-0.2950887680053711,0.2950887680053711
